-- phpMyAdmin SQL Dump
-- version 5.1.0
-- https://www.phpmyadmin.net/
--
-- Host: localhost:3306
-- Waktu pembuatan: 22 Mar 2021 pada 05.01
-- Versi server: 10.5.9-MariaDB-log
-- Versi PHP: 7.2.19

SET SQL_MODE = "NO_AUTO_VALUE_ON_ZERO";
START TRANSACTION;
SET time_zone = "+00:00";


/*!40101 SET @OLD_CHARACTER_SET_CLIENT=@@CHARACTER_SET_CLIENT */;
/*!40101 SET @OLD_CHARACTER_SET_RESULTS=@@CHARACTER_SET_RESULTS */;
/*!40101 SET @OLD_COLLATION_CONNECTION=@@COLLATION_CONNECTION */;
/*!40101 SET NAMES utf8mb4 */;

--
-- Database: `elearning`
--
CREATE DATABASE IF NOT EXISTS `elearning` DEFAULT CHARACTER SET latin1 COLLATE latin1_swedish_ci;
USE `elearning`;

-- --------------------------------------------------------

--
-- Struktur dari tabel `field_tambahan`
--

CREATE TABLE `field_tambahan` (
  `id` varchar(255) NOT NULL,
  `nama` varchar(255) DEFAULT NULL,
  `value` longtext DEFAULT NULL
) ENGINE=MyISAM DEFAULT CHARSET=utf8;

--
-- Dumping data untuk tabel `field_tambahan`
--

INSERT INTO `field_tambahan` (`id`, `nama`, `value`) VALUES
('check-urgent-info', 'Check Urgent Info', '{\"info\":\"\",\"last_check\":\"2021-03-22 10:23:04\"}');

-- --------------------------------------------------------

--
-- Struktur dari tabel `kelas`
--

CREATE TABLE `kelas` (
  `id` int(11) NOT NULL,
  `nama` varchar(45) NOT NULL,
  `parent_id` int(11) DEFAULT NULL,
  `urutan` int(11) NOT NULL,
  `aktif` tinyint(1) NOT NULL DEFAULT 1 COMMENT '1=aktif 0=tidak'
) ENGINE=MyISAM DEFAULT CHARSET=utf8;

--
-- Dumping data untuk tabel `kelas`
--

INSERT INTO `kelas` (`id`, `nama`, `parent_id`, `urutan`, `aktif`) VALUES
(1, 'KELAS X', NULL, 1, 1),
(2, 'KELAS X - IPS', 1, 3, 1),
(3, 'KELAS XI', NULL, 4, 1),
(4, 'KELAS XI - IPS', 3, 6, 1),
(5, 'KELAS XII', NULL, 7, 1),
(6, 'KELAS XII - IPS', 5, 9, 1),
(7, 'KELAS XII - IPA', 5, 8, 1),
(8, 'KELAS XI - IPA', 3, 5, 1),
(9, 'KELAS X - IPA', 1, 2, 1);

-- --------------------------------------------------------

--
-- Struktur dari tabel `kelas_siswa`
--

CREATE TABLE `kelas_siswa` (
  `id` int(11) NOT NULL,
  `kelas_id` int(11) NOT NULL,
  `siswa_id` int(11) NOT NULL,
  `aktif` tinyint(1) NOT NULL COMMENT '0 jika bukan, 1 jika ya'
) ENGINE=MyISAM DEFAULT CHARSET=utf8;

-- --------------------------------------------------------

--
-- Struktur dari tabel `komentar`
--

CREATE TABLE `komentar` (
  `id` int(11) NOT NULL,
  `login_id` int(11) NOT NULL,
  `materi_id` int(11) NOT NULL,
  `tampil` tinyint(1) NOT NULL DEFAULT 1 COMMENT '0=tidak,1=tampil',
  `konten` text DEFAULT NULL,
  `tgl_posting` datetime DEFAULT NULL
) ENGINE=MyISAM DEFAULT CHARSET=utf8;

-- --------------------------------------------------------

--
-- Struktur dari tabel `login`
--

CREATE TABLE `login` (
  `id` int(11) NOT NULL,
  `username` varchar(255) NOT NULL,
  `password` varchar(255) NOT NULL,
  `siswa_id` int(11) DEFAULT NULL,
  `pengajar_id` int(11) DEFAULT NULL,
  `is_admin` tinyint(1) NOT NULL COMMENT '0=tidak,1=ya',
  `reset_kode` varchar(255) DEFAULT NULL
) ENGINE=MyISAM DEFAULT CHARSET=utf8;

--
-- Dumping data untuk tabel `login`
--

INSERT INTO `login` (`id`, `username`, `password`, `siswa_id`, `pengajar_id`, `is_admin`, `reset_kode`) VALUES
(1, 'elearning.sman3@gmail.com', '21232f297a57a5a743894a0e4a801fc3', NULL, 1, 1, NULL);

-- --------------------------------------------------------

--
-- Struktur dari tabel `login_log`
--

CREATE TABLE `login_log` (
  `id` int(11) NOT NULL,
  `login_id` int(11) NOT NULL,
  `lasttime` datetime NOT NULL,
  `agent` text NOT NULL,
  `last_activity` int(10) UNSIGNED DEFAULT NULL
) ENGINE=MyISAM DEFAULT CHARSET=utf8;

--
-- Dumping data untuk tabel `login_log`
--

INSERT INTO `login_log` (`id`, `login_id`, `lasttime`, `agent`, `last_activity`) VALUES
(1, 1, '2021-03-22 06:14:05', '{\"is_mobile\":0,\"browser\":\"Chrome 89.0.4389.90\",\"platform\":\"Unknown Windows OS\",\"agent_string\":\"Mozilla\\/5.0 (Windows NT 10.0; Win64; x64) AppleWebKit\\/537.36 (KHTML, like Gecko) Chrome\\/89.0.4389.90 Safari\\/537.36\",\"ip\":\"::1\"}', 1616368867),
(2, 1, '2021-03-22 09:18:47', '{\"is_mobile\":0,\"browser\":\"Chrome 89.0.4389.90\",\"platform\":\"Unknown Windows OS\",\"agent_string\":\"Mozilla\\/5.0 (Windows NT 10.0; Win64; x64) AppleWebKit\\/537.36 (KHTML, like Gecko) Chrome\\/89.0.4389.90 Safari\\/537.36\",\"ip\":\"::1\"}', 1616388779),
(3, 1, '2021-03-22 11:53:19', '{\"is_mobile\":0,\"browser\":\"Chrome 89.0.4389.90\",\"platform\":\"Unknown Windows OS\",\"agent_string\":\"Mozilla\\/5.0 (Windows NT 10.0; Win64; x64) AppleWebKit\\/537.36 (KHTML, like Gecko) Chrome\\/89.0.4389.90 Safari\\/537.36\",\"ip\":\"::1\"}', 1616389163);

-- --------------------------------------------------------

--
-- Struktur dari tabel `mapel`
--

CREATE TABLE `mapel` (
  `id` int(11) NOT NULL,
  `nama` varchar(255) NOT NULL,
  `info` text DEFAULT NULL,
  `aktif` tinyint(1) NOT NULL DEFAULT 1 COMMENT '1 = ya, 0 = tidak'
) ENGINE=MyISAM DEFAULT CHARSET=utf8;

--
-- Dumping data untuk tabel `mapel`
--

INSERT INTO `mapel` (`id`, `nama`, `info`, `aktif`) VALUES
(1, 'Bahasa Indonesia', NULL, 1),
(2, 'Bahasa Inggris', NULL, 1),
(3, 'Matematika', NULL, 1),
(4, 'Ekonomi', NULL, 1),
(5, 'Geografi', NULL, 1),
(6, 'Biologi', NULL, 1),
(7, 'Penjas', NULL, 1),
(8, 'Agama', NULL, 1),
(9, 'Fisika', NULL, 1),
(10, 'Kimia', NULL, 1);

-- --------------------------------------------------------

--
-- Struktur dari tabel `mapel_ajar`
--

CREATE TABLE `mapel_ajar` (
  `id` int(11) NOT NULL,
  `hari_id` tinyint(1) NOT NULL COMMENT '1=senin,2=selasa,3=rabu,4=kamis,5=jum''at,6=sabtu,7=minggu',
  `jam_mulai` time NOT NULL,
  `jam_selesai` time NOT NULL,
  `pengajar_id` int(11) NOT NULL,
  `mapel_kelas_id` int(11) NOT NULL,
  `aktif` tinyint(1) NOT NULL DEFAULT 1 COMMENT '1 = aktif 0 = tidak'
) ENGINE=MyISAM DEFAULT CHARSET=utf8;

-- --------------------------------------------------------

--
-- Struktur dari tabel `mapel_kelas`
--

CREATE TABLE `mapel_kelas` (
  `id` int(11) NOT NULL,
  `kelas_id` int(11) NOT NULL,
  `mapel_id` int(11) NOT NULL,
  `aktif` tinyint(1) NOT NULL DEFAULT 1
) ENGINE=MyISAM DEFAULT CHARSET=utf8;

--
-- Dumping data untuk tabel `mapel_kelas`
--

INSERT INTO `mapel_kelas` (`id`, `kelas_id`, `mapel_id`, `aktif`) VALUES
(1, 9, 1, 1),
(2, 9, 2, 1),
(3, 9, 3, 1),
(4, 9, 6, 1),
(5, 9, 7, 1),
(6, 9, 8, 1),
(7, 9, 9, 1),
(8, 9, 10, 1),
(9, 2, 1, 1),
(10, 2, 2, 1),
(11, 2, 3, 1),
(12, 2, 4, 1),
(13, 2, 5, 1),
(14, 2, 7, 1),
(15, 2, 8, 1),
(16, 8, 1, 1),
(17, 8, 2, 1),
(18, 8, 3, 1),
(19, 8, 6, 1),
(20, 8, 7, 1),
(21, 8, 8, 1),
(22, 8, 9, 1),
(23, 8, 10, 1),
(24, 4, 1, 1),
(25, 4, 2, 1),
(26, 4, 3, 1),
(27, 4, 4, 1),
(28, 4, 5, 1),
(29, 4, 7, 1),
(30, 4, 8, 1),
(31, 7, 1, 1),
(32, 7, 2, 1),
(33, 7, 3, 1),
(34, 7, 6, 1),
(35, 7, 7, 1),
(36, 7, 8, 1),
(37, 7, 9, 1),
(38, 7, 10, 1),
(39, 6, 1, 1),
(40, 6, 2, 1),
(41, 6, 3, 1),
(42, 6, 4, 1),
(43, 6, 5, 1),
(44, 6, 7, 1),
(45, 6, 8, 1);

-- --------------------------------------------------------

--
-- Struktur dari tabel `materi`
--

CREATE TABLE `materi` (
  `id` int(11) NOT NULL,
  `mapel_id` int(11) NOT NULL,
  `pengajar_id` int(11) DEFAULT NULL,
  `siswa_id` int(11) DEFAULT NULL,
  `judul` varchar(255) NOT NULL,
  `konten` text DEFAULT NULL,
  `file` text DEFAULT NULL,
  `tgl_posting` datetime NOT NULL,
  `publish` tinyint(1) NOT NULL DEFAULT 0,
  `views` int(11) NOT NULL DEFAULT 1
) ENGINE=MyISAM DEFAULT CHARSET=utf8;

-- --------------------------------------------------------

--
-- Struktur dari tabel `materi_kelas`
--

CREATE TABLE `materi_kelas` (
  `id` int(11) NOT NULL,
  `materi_id` int(11) NOT NULL,
  `kelas_id` int(11) NOT NULL
) ENGINE=MyISAM DEFAULT CHARSET=utf8;

-- --------------------------------------------------------

--
-- Struktur dari tabel `messages`
--

CREATE TABLE `messages` (
  `id` int(11) NOT NULL,
  `type_id` tinyint(1) NOT NULL COMMENT '1=inbox,2=outbox',
  `content` text NOT NULL,
  `owner_id` int(11) NOT NULL,
  `sender_receiver_id` int(11) NOT NULL,
  `date` datetime NOT NULL,
  `opened` tinyint(1) NOT NULL DEFAULT 0 COMMENT '0=belum,1=sudah'
) ENGINE=MyISAM DEFAULT CHARSET=utf8;

-- --------------------------------------------------------

--
-- Struktur dari tabel `nilai_tugas`
--

CREATE TABLE `nilai_tugas` (
  `id` int(11) NOT NULL,
  `nilai` float NOT NULL,
  `tugas_id` int(11) NOT NULL,
  `siswa_id` int(11) NOT NULL
) ENGINE=MyISAM DEFAULT CHARSET=utf8;

-- --------------------------------------------------------

--
-- Struktur dari tabel `pengajar`
--

CREATE TABLE `pengajar` (
  `id` int(11) NOT NULL,
  `nip` varchar(45) DEFAULT NULL,
  `nama` varchar(100) NOT NULL,
  `jenis_kelamin` varchar(9) NOT NULL,
  `tempat_lahir` varchar(45) NOT NULL,
  `tgl_lahir` date DEFAULT NULL,
  `alamat` varchar(255) NOT NULL,
  `foto` text DEFAULT NULL,
  `status_id` tinyint(1) NOT NULL COMMENT '0=pending, 1=aktif, 2=blok'
) ENGINE=MyISAM DEFAULT CHARSET=utf8;

--
-- Dumping data untuk tabel `pengajar`
--

INSERT INTO `pengajar` (`id`, `nip`, `nama`, `jenis_kelamin`, `tempat_lahir`, `tgl_lahir`, `alamat`, `foto`, `status_id`) VALUES
(1, '202103222021031001', 'admin', 'Laki-laki', 'Kuala Kapuas', '2021-03-22', 'Jl. Pemuda Km. 5,5, Selat Utara, Selat, Kapuas, Kalimantan Tengah, Selat Hulu, Kec. Selat, Kabupaten Kapuas, Kalimantan Tengah 73581', NULL, 1);

-- --------------------------------------------------------

--
-- Struktur dari tabel `pengaturan`
--

CREATE TABLE `pengaturan` (
  `id` varchar(255) NOT NULL,
  `nama` varchar(255) DEFAULT NULL,
  `value` text DEFAULT NULL
) ENGINE=MyISAM DEFAULT CHARSET=utf8;

--
-- Dumping data untuk tabel `pengaturan`
--

INSERT INTO `pengaturan` (`id`, `nama`, `value`) VALUES
('email-server', 'Email server', 'elearning.sman3@gmail.com'),
('email-template-approve-pengajar', 'Approve pengajar (email pengajar)', '{\"subject\":\"Pengaktifan Akun\",\"body\":\"<p>Hai {$nama},<\\/p>\\n<p>Anda telah diterima sebagai pengajar pada {$nama_sekolah}, berikut informasi data diri anda:<\\/p>\\n<p>{$tabel_profil}<\\/p>\\n<p>Anda dapat login ke sistem E-Learning menggunakan username dan password yang telah anda buat saat pendaftaran, login pada url berikut : {$url_login}<\\/p>\"}'),
('email-template-approve-siswa', 'Approve siswa (email siswa)', '{\"subject\":\"Pengaktifan Akun\",\"body\":\"<p>Hai {$nama},<\\/p>\\n<p>Anda telah diterima sebagai siswa pada {$nama_sekolah}, berikut informasi data diri anda:<\\/p>\\n<p>{$tabel_profil}<\\/p>\\n<p>Anda dapat login ke sistem E-Learning menggunakan username dan password yang telah anda buat saat pendaftaran, login pada url berikut : {$url_login}<\\/p>\"}'),
('email-template-link-reset', 'Link Reset Password', '{\"subject\":\"Reset Password\",\"body\":\"<p>Hai,<\\/p>\\n<p>Anda mengirimkan permintaan untuk reset password anda, klik link berikut untuk memulai reset password : {$link_reset}<\\/p>\"}'),
('email-template-register-pengajar', 'Register pengajar (email pengajar)', '{\"subject\":\"Registrasi Berhasil\",\"body\":\"<p>Hai {$nama},<\\/p>\\n<p>Terimakasih telah melakukan pendaftaran sebagai pengajar di E-Learning {$nama_sekolah}. Akun anda akan segera diaktifkan oleh admin.<\\/p>\"}'),
('email-template-register-siswa', 'Register siswa (email siswa)', '{\"subject\":\"Registrasi Berhasil\",\"body\":\"<p>Hai {$nama},<\\/p>\\n<p>Terimakasih telah melakukan pendaftaran sebagai siswa di E-Learning {$nama_sekolah}. Akun anda akan segera diaktifkan oleh admin.<\\/p>\"}'),
('info-registrasi', 'Info Registrasi', '<p>Silakan mendaftar sebagai siswa atau pengajar (jika anda sebagai pengajar) dengan memilih sesuai tab berikut :</p>\r\n'),
('peraturan-elearning', 'Peraturan E-learning', ''),
('registrasi-pengajar', 'Registrasi Pengajar', '1'),
('registrasi-siswa', 'Registrasi Siswa', '1'),
('versi', 'Versi', '2.0'),
('jenjang', 'jenjang', 'SMA'),
('nama-sekolah', 'nama-sekolah', 'SMAN 3 Kuala Kapuas'),
('alamat', 'alamat', 'Jl. Pemuda Km. 5,5, Selat Utara, Selat, Kapuas, Kalimantan Tengah, Selat Hulu, Kec. Selat, Kabupaten Kapuas, Kalimantan Tengah 73581'),
('telp', 'telp', '02157903020'),
('install-success', 'install-success', '1'),
('status-registrasi-siswa', 'status-registrasi-siswa', '0'),
('status-registrasi-pengajar', 'status-registrasi-pengajar', '0'),
('smtp-host', 'smtp-host', ''),
('smtp-username', 'smtp-username', ''),
('smtp-pass', 'smtp-pass', ''),
('smtp-port', 'smtp-port', ''),
('edit-username-siswa', 'edit-username-siswa', '1'),
('edit-foto-siswa', 'edit-foto-siswa', '1'),
('info-slide-1', 'info-slide-1', ''),
('info-slide-2', 'info-slide-2', ''),
('info-slide-3', 'info-slide-3', ''),
('info-slide-4', 'info-slide-4', ''),
('logo-sekolah', 'logo-sekolah', 'logo-sekolah.png'),
('img-slide-1', 'img-slide-1', 'img-slide-11.jpg'),
('img-slide-2', 'img-slide-2', 'img-slide-2.jpg'),
('img-slide-3', 'img-slide-3', 'img-slide-3.jpg');

-- --------------------------------------------------------

--
-- Struktur dari tabel `pengumuman`
--

CREATE TABLE `pengumuman` (
  `id` int(11) NOT NULL,
  `judul` varchar(255) NOT NULL,
  `konten` text NOT NULL,
  `tgl_tampil` date NOT NULL,
  `tgl_tutup` date NOT NULL,
  `tampil_siswa` tinyint(1) NOT NULL DEFAULT 1,
  `tampil_pengajar` tinyint(1) NOT NULL DEFAULT 1,
  `pengajar_id` int(11) NOT NULL
) ENGINE=MyISAM DEFAULT CHARSET=utf8;

-- --------------------------------------------------------

--
-- Struktur dari tabel `pilihan`
--

CREATE TABLE `pilihan` (
  `id` int(11) NOT NULL,
  `pertanyaan_id` int(11) NOT NULL,
  `konten` text NOT NULL,
  `kunci` tinyint(4) NOT NULL DEFAULT 0 COMMENT '0=tidak',
  `urutan` int(11) NOT NULL,
  `aktif` tinyint(1) NOT NULL DEFAULT 1
) ENGINE=MyISAM DEFAULT CHARSET=utf8;

-- --------------------------------------------------------

--
-- Struktur dari tabel `siswa`
--

CREATE TABLE `siswa` (
  `id` int(11) NOT NULL,
  `nis` varchar(45) DEFAULT NULL,
  `nama` varchar(100) NOT NULL,
  `jenis_kelamin` varchar(9) NOT NULL COMMENT 'Laki-laki dan Perempuan',
  `tempat_lahir` varchar(45) NOT NULL,
  `tgl_lahir` date DEFAULT NULL,
  `agama` char(7) DEFAULT NULL,
  `alamat` varchar(255) NOT NULL,
  `tahun_masuk` year(4) NOT NULL,
  `foto` text DEFAULT NULL,
  `status_id` tinyint(1) NOT NULL DEFAULT 0 COMMENT '0=pending, 1=aktif, 2=blok, 3=alumni, 4=deleted'
) ENGINE=MyISAM DEFAULT CHARSET=utf8;

-- --------------------------------------------------------

--
-- Struktur dari tabel `tugas`
--

CREATE TABLE `tugas` (
  `id` int(11) NOT NULL,
  `mapel_id` int(11) NOT NULL,
  `pengajar_id` int(11) NOT NULL,
  `type_id` tinyint(1) NOT NULL COMMENT '1=upload,2=essay,3=ganda',
  `judul` varchar(255) NOT NULL,
  `durasi` int(11) DEFAULT NULL COMMENT 'lama pengerjaan dalam menit',
  `info` text DEFAULT NULL,
  `aktif` tinyint(1) NOT NULL DEFAULT 0,
  `tgl_buat` datetime DEFAULT NULL,
  `tampil_siswa` tinyint(1) NOT NULL DEFAULT 0 COMMENT '0=tidak tampil di siswa, 1=tampil siswa'
) ENGINE=MyISAM DEFAULT CHARSET=utf8;

-- --------------------------------------------------------

--
-- Struktur dari tabel `tugas_kelas`
--

CREATE TABLE `tugas_kelas` (
  `id` int(11) NOT NULL,
  `tugas_id` int(11) NOT NULL,
  `kelas_id` int(11) NOT NULL
) ENGINE=MyISAM DEFAULT CHARSET=utf8;

-- --------------------------------------------------------

--
-- Struktur dari tabel `tugas_pertanyaan`
--

CREATE TABLE `tugas_pertanyaan` (
  `id` int(11) NOT NULL,
  `pertanyaan` text NOT NULL,
  `urutan` int(11) NOT NULL,
  `tugas_id` int(11) NOT NULL,
  `aktif` tinyint(1) NOT NULL DEFAULT 1
) ENGINE=MyISAM DEFAULT CHARSET=utf8;

--
-- Indexes for dumped tables
--

--
-- Indeks untuk tabel `field_tambahan`
--
ALTER TABLE `field_tambahan`
  ADD PRIMARY KEY (`id`);

--
-- Indeks untuk tabel `kelas`
--
ALTER TABLE `kelas`
  ADD PRIMARY KEY (`id`),
  ADD KEY `parent_id` (`parent_id`),
  ADD KEY `parent_id_2` (`parent_id`);

--
-- Indeks untuk tabel `kelas_siswa`
--
ALTER TABLE `kelas_siswa`
  ADD PRIMARY KEY (`id`),
  ADD KEY `kelas_id` (`kelas_id`,`siswa_id`),
  ADD KEY `kelas_id_2` (`kelas_id`,`siswa_id`);

--
-- Indeks untuk tabel `komentar`
--
ALTER TABLE `komentar`
  ADD PRIMARY KEY (`id`),
  ADD KEY `login_id` (`login_id`,`materi_id`),
  ADD KEY `login_id_2` (`login_id`,`materi_id`);

--
-- Indeks untuk tabel `login`
--
ALTER TABLE `login`
  ADD PRIMARY KEY (`id`),
  ADD KEY `username` (`username`,`siswa_id`,`pengajar_id`),
  ADD KEY `username_2` (`username`,`siswa_id`,`pengajar_id`);

--
-- Indeks untuk tabel `login_log`
--
ALTER TABLE `login_log`
  ADD PRIMARY KEY (`id`),
  ADD KEY `login_id` (`login_id`),
  ADD KEY `login_id_2` (`login_id`),
  ADD KEY `login_id_3` (`login_id`);

--
-- Indeks untuk tabel `mapel`
--
ALTER TABLE `mapel`
  ADD PRIMARY KEY (`id`);

--
-- Indeks untuk tabel `mapel_ajar`
--
ALTER TABLE `mapel_ajar`
  ADD PRIMARY KEY (`id`),
  ADD KEY `hari_id` (`hari_id`,`pengajar_id`,`mapel_kelas_id`),
  ADD KEY `hari_id_2` (`hari_id`,`pengajar_id`,`mapel_kelas_id`);

--
-- Indeks untuk tabel `mapel_kelas`
--
ALTER TABLE `mapel_kelas`
  ADD PRIMARY KEY (`id`),
  ADD KEY `kelas_id` (`kelas_id`,`mapel_id`),
  ADD KEY `kelas_id_2` (`kelas_id`,`mapel_id`);

--
-- Indeks untuk tabel `materi`
--
ALTER TABLE `materi`
  ADD PRIMARY KEY (`id`),
  ADD KEY `mapel_id` (`mapel_id`,`pengajar_id`,`siswa_id`),
  ADD KEY `mapel_id_2` (`mapel_id`,`pengajar_id`,`siswa_id`);

--
-- Indeks untuk tabel `materi_kelas`
--
ALTER TABLE `materi_kelas`
  ADD PRIMARY KEY (`id`),
  ADD KEY `materi_id` (`materi_id`,`kelas_id`),
  ADD KEY `materi_id_2` (`materi_id`,`kelas_id`);

--
-- Indeks untuk tabel `messages`
--
ALTER TABLE `messages`
  ADD PRIMARY KEY (`id`),
  ADD KEY `type_id` (`type_id`,`owner_id`,`sender_receiver_id`),
  ADD KEY `type_id_2` (`type_id`,`owner_id`,`sender_receiver_id`);

--
-- Indeks untuk tabel `nilai_tugas`
--
ALTER TABLE `nilai_tugas`
  ADD PRIMARY KEY (`id`),
  ADD KEY `tugas_id` (`tugas_id`,`siswa_id`),
  ADD KEY `tugas_id_2` (`tugas_id`,`siswa_id`);

--
-- Indeks untuk tabel `pengajar`
--
ALTER TABLE `pengajar`
  ADD PRIMARY KEY (`id`),
  ADD KEY `nip` (`nip`),
  ADD KEY `nip_2` (`nip`);

--
-- Indeks untuk tabel `pengaturan`
--
ALTER TABLE `pengaturan`
  ADD PRIMARY KEY (`id`);

--
-- Indeks untuk tabel `pengumuman`
--
ALTER TABLE `pengumuman`
  ADD PRIMARY KEY (`id`),
  ADD KEY `pengajar_id` (`pengajar_id`),
  ADD KEY `pengajar_id_2` (`pengajar_id`);

--
-- Indeks untuk tabel `pilihan`
--
ALTER TABLE `pilihan`
  ADD PRIMARY KEY (`id`),
  ADD KEY `pertanyaan_id` (`pertanyaan_id`),
  ADD KEY `pertanyaan_id_2` (`pertanyaan_id`,`kunci`);

--
-- Indeks untuk tabel `siswa`
--
ALTER TABLE `siswa`
  ADD PRIMARY KEY (`id`),
  ADD KEY `nis` (`nis`,`nama`,`status_id`),
  ADD KEY `nis_2` (`nis`,`nama`,`status_id`);

--
-- Indeks untuk tabel `tugas`
--
ALTER TABLE `tugas`
  ADD PRIMARY KEY (`id`),
  ADD KEY `mapel_id` (`mapel_id`,`pengajar_id`,`type_id`),
  ADD KEY `mapel_id_2` (`mapel_id`,`pengajar_id`,`type_id`);

--
-- Indeks untuk tabel `tugas_kelas`
--
ALTER TABLE `tugas_kelas`
  ADD PRIMARY KEY (`id`),
  ADD KEY `tugas_id` (`tugas_id`,`kelas_id`),
  ADD KEY `tugas_id_2` (`tugas_id`,`kelas_id`);

--
-- Indeks untuk tabel `tugas_pertanyaan`
--
ALTER TABLE `tugas_pertanyaan`
  ADD PRIMARY KEY (`id`),
  ADD KEY `tugas_id` (`tugas_id`),
  ADD KEY `tugas_id_2` (`tugas_id`);

--
-- AUTO_INCREMENT untuk tabel yang dibuang
--

--
-- AUTO_INCREMENT untuk tabel `kelas`
--
ALTER TABLE `kelas`
  MODIFY `id` int(11) NOT NULL AUTO_INCREMENT, AUTO_INCREMENT=10;

--
-- AUTO_INCREMENT untuk tabel `kelas_siswa`
--
ALTER TABLE `kelas_siswa`
  MODIFY `id` int(11) NOT NULL AUTO_INCREMENT;

--
-- AUTO_INCREMENT untuk tabel `komentar`
--
ALTER TABLE `komentar`
  MODIFY `id` int(11) NOT NULL AUTO_INCREMENT;

--
-- AUTO_INCREMENT untuk tabel `login`
--
ALTER TABLE `login`
  MODIFY `id` int(11) NOT NULL AUTO_INCREMENT, AUTO_INCREMENT=2;

--
-- AUTO_INCREMENT untuk tabel `login_log`
--
ALTER TABLE `login_log`
  MODIFY `id` int(11) NOT NULL AUTO_INCREMENT, AUTO_INCREMENT=4;

--
-- AUTO_INCREMENT untuk tabel `mapel`
--
ALTER TABLE `mapel`
  MODIFY `id` int(11) NOT NULL AUTO_INCREMENT, AUTO_INCREMENT=11;

--
-- AUTO_INCREMENT untuk tabel `mapel_ajar`
--
ALTER TABLE `mapel_ajar`
  MODIFY `id` int(11) NOT NULL AUTO_INCREMENT;

--
-- AUTO_INCREMENT untuk tabel `mapel_kelas`
--
ALTER TABLE `mapel_kelas`
  MODIFY `id` int(11) NOT NULL AUTO_INCREMENT, AUTO_INCREMENT=46;

--
-- AUTO_INCREMENT untuk tabel `materi`
--
ALTER TABLE `materi`
  MODIFY `id` int(11) NOT NULL AUTO_INCREMENT;

--
-- AUTO_INCREMENT untuk tabel `materi_kelas`
--
ALTER TABLE `materi_kelas`
  MODIFY `id` int(11) NOT NULL AUTO_INCREMENT;

--
-- AUTO_INCREMENT untuk tabel `messages`
--
ALTER TABLE `messages`
  MODIFY `id` int(11) NOT NULL AUTO_INCREMENT;

--
-- AUTO_INCREMENT untuk tabel `nilai_tugas`
--
ALTER TABLE `nilai_tugas`
  MODIFY `id` int(11) NOT NULL AUTO_INCREMENT;

--
-- AUTO_INCREMENT untuk tabel `pengajar`
--
ALTER TABLE `pengajar`
  MODIFY `id` int(11) NOT NULL AUTO_INCREMENT, AUTO_INCREMENT=2;

--
-- AUTO_INCREMENT untuk tabel `pengumuman`
--
ALTER TABLE `pengumuman`
  MODIFY `id` int(11) NOT NULL AUTO_INCREMENT;

--
-- AUTO_INCREMENT untuk tabel `pilihan`
--
ALTER TABLE `pilihan`
  MODIFY `id` int(11) NOT NULL AUTO_INCREMENT;

--
-- AUTO_INCREMENT untuk tabel `siswa`
--
ALTER TABLE `siswa`
  MODIFY `id` int(11) NOT NULL AUTO_INCREMENT;

--
-- AUTO_INCREMENT untuk tabel `tugas`
--
ALTER TABLE `tugas`
  MODIFY `id` int(11) NOT NULL AUTO_INCREMENT;

--
-- AUTO_INCREMENT untuk tabel `tugas_kelas`
--
ALTER TABLE `tugas_kelas`
  MODIFY `id` int(11) NOT NULL AUTO_INCREMENT;

--
-- AUTO_INCREMENT untuk tabel `tugas_pertanyaan`
--
ALTER TABLE `tugas_pertanyaan`
  MODIFY `id` int(11) NOT NULL AUTO_INCREMENT;
COMMIT;

/*!40101 SET CHARACTER_SET_CLIENT=@OLD_CHARACTER_SET_CLIENT */;
/*!40101 SET CHARACTER_SET_RESULTS=@OLD_CHARACTER_SET_RESULTS */;
/*!40101 SET COLLATION_CONNECTION=@OLD_COLLATION_CONNECTION */;
